<?xml version="1.0" encoding="UTF-8"?>
<project-private xmlns="http://www.netbeans.org/ns/project-private/1">
    <editor-bookmarks xmlns="http://www.netbeans.org/ns/editor-bookmarks/2" lastBookmarkId="0"/>
    <open-files xmlns="http://www.netbeans.org/ns/projectui-open-files/2">
        <group>
            <file>file:/A:/Studying%20Folder/Semseter%202/Distributed%20System/BankProj_2/src/bank_trial/LocalMaster2IMP.java</file>
            <file>file:/A:/Studying%20Folder/Semseter%202/Distributed%20System/BankProj_2/src/bank_trial/LocalMaster1Server.java</file>
            <file>file:/A:/Studying%20Folder/Semseter%202/Distributed%20System/BankProj_2/src/bank_trial/HurghadaIMP.java</file>
            <file>file:/A:/Studying%20Folder/Semseter%202/Distributed%20System/BankProj_2/src/bank_trial/LocalMaster1IMP.java</file>
            <file>file:/A:/Studying%20Folder/Semseter%202/Distributed%20System/BankProj_2/src/bank_trial/LocalMaster1GUI.java</file>
            <file>file:/A:/Studying%20Folder/Semseter%202/Distributed%20System/BankProj_2/src/bank_trial/GounaIMP.java</file>
            <file>file:/A:/Studying%20Folder/Semseter%202/Distributed%20System/BankProj_2/src/bank_trial/LocalMaster1.java</file>
            <file>file:/A:/Studying%20Folder/Semseter%202/Distributed%20System/BankProj_2/src/bank_trial/ClientGUI.java</file>
        </group>
    </open-files>
</project-private>
